,id,name,main_artist,key,mode,time_signature,duration_ms_x,danceability,loudness,energy,instrumentalness,liveness,valence,speechiness,tempo,popularity,youtube_views,last_fm_playcount,last_fm_listeners
1694,4e5ue3tfDWoHEQzGXUPVvo,ماهيتي علية أولاش,Cheb Hasni,0,0,4,301534,0.645,-6.188,0.79,0.000118,0.0844,0.937,0.0312,76.949,2,1627637,0,0
1698,2Q9ROjxjRfsLJk3czlksBd,Rani nzid noualef,Cheb Hasni,6,0,3,337213,0.824,-8.27,0.664,0.0,0.334,0.887,0.0555,142.605,2,10953,0,0
42,4U19IrqTfOfDC6O5n3iDRv,Yali galbi mak,Cheb Hasni,0,0,3,350253,0.799,-14.463,0.467,1.78e-05,0.0919,0.936,0.0473,135.372,28,98971,161,74
1974,4MgbfZhMMaqoLHqoEVenNR,Gaa Nsa,Cheb Hasni,11,0,4,332723,0.693,-12.891,0.644,0.00534,0.219,0.933,0.0517,180.32,1,631701,34,10
509,6vOZQ7XPclZGVYC8JgYYH9,Klamhoum Moussiba,Cheb Hasni,1,1,4,335483,0.531,-8.771,0.688,0.0,0.391,0.609,0.0423,161.483,9,37440,255,85
1093,0hbgVWkejZyETiyvCZ3k7h,Mazal souvenir andi,Cheb Hasni,11,0,4,290906,0.497,-10.99,0.537,0.0,0.234,0.646,0.031,158.379,4,234925,820,234
1269,3DjGAWA8voDvLhMrDZphKR,البركة,Cheb Hasni,3,0,4,290026,0.5,-6.579,0.742,8.39e-05,0.125,0.586,0.0445,176.334,3,2298278,0,0
130,6YZsRIzNvS7LNQt3ixZZUt,Enfin lkit litfhamn,Cheb Hasni,5,1,4,280706,0.473,-6.902,0.74,1.25e-05,0.298,0.81,0.0317,88.66,21,58946,140,65
952,7GaLynDRlYhLTUoPzWHO6A,داك المحكوم,Cheb Hasni,7,1,3,364893,0.433,-3.859,0.836,0.000109,0.0759,0.892,0.112,176.9,5,1459,115,27
424,4GrCAt4fmgeaajeI6kGb3b,Kingoul ana,Cheb Hasni,0,1,4,300933,0.603,-6.064,0.921,0.0,0.117,0.878,0.0826,179.887,11,77337,0,0
1494,0DIyHdvInKW1xzB2LFqCSH,ماتجوليش ليفراك,Cheb Hasni,1,0,3,297426,0.602,-8.089,0.663,0.0,0.0705,0.655,0.0284,144.407,2,20616643,3,2
1692,3Ht1WwapJV50cq0zjogQRW,Nhar lefrak bkit,Cheb Hasni,5,0,3,342400,0.428,-3.319,0.82,0.0,0.11,0.739,0.0391,128.57,2,293538,125,49
1963,7eGpOAQ4PwerlJM5h7Ze4D,N'sa l'histoire,Cheb Hasni,7,1,4,347400,0.71,-10.599,0.864,0.00159,0.128,0.936,0.0523,93.258,1,440543,54,24
1524,4VogiBFqV6UNA37ralWecz,Aam esena,Cheb Hasni,7,1,4,323133,0.664,-9.562,0.689,0.776,0.121,0.833,0.0523,162.694,2,57960,42,20
1697,5MUxByZrvJJdnTj7krbYEz,التقى جوالو هاساني,Cheb Hasni,1,1,4,401000,0.702,-12.407,0.386,4.71e-05,0.103,0.481,0.0304,136.728,2,7,3,3
1262,2yNesujITUfpMU1RfI8HE7,يا وائلى مكديليك,Cheb Hasni,7,0,4,293360,0.644,-7.226,0.739,0.00179,0.0475,0.853,0.0346,173.884,3,2497144,8,6
1491,51g2fqa99nlxzRbZjMEgUg,C'est difficile,Cheb Hasni,1,1,4,324000,0.612,-6.712,0.81,4.14e-05,0.302,0.643,0.0396,184.81,2,33031,179,64
1946,1OYgFWDhLK9xnSpGlmDE1m,Reviens à moi,Cheb Hasni,2,0,3,183785,0.705,-4.777,0.831,0.0,0.294,0.879,0.113,149.983,1,45981,0,0
1105,2VsaSly07i9DJVBioUmkRt,Mani mani,Cheb Hasni,8,1,4,337826,0.456,-3.842,0.741,7.11e-06,0.123,0.821,0.299,183.85,4,243746,1446,905
408,2dEpXCnLcf6GeH6tqkCSQp,Rani khalite amana,Cheb Hasni,1,1,4,345546,0.765,-15.027,0.468,2e-05,0.0384,0.888,0.236,177.253,11,286573,3550,1729
613,1B3votchEZJ6EUK8HzXk8y,Nebki al ray,Cheb Hasni,9,0,3,249786,0.426,-9.204,0.602,0.0624,0.139,0.683,0.0862,163.949,7,40893,99,29
805,2asUpxledPdObVVPHfNqMr,Jamais نانسا souvenirs,Cheb Hasni,0,0,4,318706,0.592,-11.268,0.485,0.0,0.222,0.509,0.029,179.348,6,179813,5,2
1999,4l6eXJu1ISAI6e4CBWK8nl,Talka ghzali,Cheb Hasni,10,1,3,352720,0.684,-7.601,0.752,0.0,0.0528,0.837,0.0287,142.578,1,69639,26,10
1962,2gbBxoXRH2UKnIzm2X9ksa,C'est pas ma faute,Cheb Hasni,1,1,4,353426,0.488,-9.374,0.769,0.17,0.143,0.722,0.0582,147.967,1,123605,304,91
501,5JsLRLEJuXGLlnjZvdMsYy,N'direk amour,Cheb Hasni,6,0,4,362138,0.593,-11.106,0.453,0.0,0.186,0.528,0.0423,156.264,9,3560621,0,0
1523,5235Ywi5ImTMpdpNQ0JKDg,Ayite njareb,Cheb Hasni,0,0,4,323160,0.565,-8.554,0.82,3.02e-05,0.0574,0.896,0.0369,172.222,2,1091242,76,18
959,7FhF3MTTGyqhVrgg2l4fAO,كانيت amour,Cheb Hasni,5,1,3,353853,0.779,-11.945,0.6,1.06e-05,0.184,0.697,0.14,139.115,5,109832,13,7
575,6G0RurKe3Lat2jfopomUJD,شيرا لي نبغها,Cheb Hasni,3,1,4,380533,0.526,-9.377,0.796,0.00062,0.257,0.616,0.102,153.453,8,866532,59,25
780,6DUSYjkjF2uK4vFdHUBkLF,Khalouni nabki,Cheb Hasni,5,0,4,301640,0.736,-12.469,0.595,1.3e-06,0.207,0.889,0.033,95.785,6,1104165,126,70
1233,3lrQNn3mOKN4BRpS6cT1wb,Kelmet adieu,Cheb Hasni,5,0,4,350000,0.633,-8.872,0.837,0.000366,0.635,0.84,0.0627,170.22,3,5095,22,8
315,0vJOhsyZQfr8LatEx6NMGy,Sidi Abdellah,Cheb Hasni,7,1,4,183826,0.696,-5.793,0.781,0.0,0.12,0.932,0.0698,100.062,13,299820,0,0
1273,0gdPx8a4surpFVc0NzFi26,ادراني قلبي هاسا,Cheb Hasni,2,1,4,354020,0.635,-8.144,0.853,3.89e-06,0.0246,0.869,0.0504,94.267,3,85,14,8
1525,1AysYFGzqlUUN67X5o6NeA,بيدا mon amour,Cheb Hasni,10,0,4,342360,0.474,-5.238,0.807,0.0,0.449,0.706,0.107,161.418,2,5603710,12,9
230,1vV5ozTf2alKO0n3HGVBaC,Aärfak badala,Cheb Hasni,10,0,1,372540,0.506,-9.85,0.573,3.01e-06,0.194,0.948,0.0632,169.701,16,4212515,0,0
946,3oMCsGDdNSecII4tGTdR1o,الشوي عمري,Cheb Hasni,11,0,4,360746,0.736,-14.059,0.464,0.000793,0.0525,0.937,0.0844,167.882,5,413,17,10
1229,70yAwoUGVt1FfaNjUwTYZt,Ghadara,Cheb Hasni,5,0,4,330000,0.584,-7.669,0.77,0.0479,0.263,0.7,0.0387,157.111,3,82862,160,38
426,5S5v51OHqrUn6uLMmrkOns,Mansitha ma rahet men bali,Cheb Hasni,0,0,4,350200,0.589,-16.016,0.482,0.0124,0.279,0.68,0.0829,96.639,10,810144,232,82
21,4ySr4rg9X0xzINLADM8kG7,Abla aliya,Cheb Hasni,11,1,3,344720,0.52,-11.206,0.563,0.0817,0.0495,0.929,0.0945,82.185,33,1094,119,55
1721,0LGpzUY53xZpuKJrZzrSPN,Omri omri,Cheb Hasni,1,1,4,358280,0.35,-2.648,0.873,0.0,0.156,0.777,0.0509,159.582,2,453289,369,121
1939,7qk6XFe5jIVP5QOAwiULPr,مكان الله,Cheb Hasni,5,0,4,341053,0.589,-6.8,0.639,1.94e-06,0.335,0.742,0.0609,170.405,1,443,33,4
549,6438uhjVuYGkD8aUHUyju5,Gualou hasni met,Cheb Hasni,1,1,4,396813,0.701,-7.131,0.531,2.33e-05,0.121,0.48,0.0274,136.755,8,4484745,1745,486
1985,0gq1Enni7XCG81reiIUJXZ,مزال النبيك,Cheb Hasni,0,0,4,324746,0.672,-11.893,0.497,0.0,0.294,0.78,0.0376,150.393,1,208405,2,1
1028,04WlFWx5UfKOQhiQe8JxmQ,Sayi glaatek men bali,Cheb Hasni,5,0,4,380000,0.638,-16.472,0.328,0.00017,0.0585,0.597,0.0351,150.048,4,24809,16,8
495,6WWFVOGZJYBVz4tL9EompA,Klam Mousiba,Cheb Hasni,10,0,4,335320,0.559,-9.13,0.69,1.34e-06,0.732,0.654,0.0443,161.642,9,37440,5,5
38,5HVqIYDfNlhBFpV86gLiW9,Tabaatek ya darari,Cheb Hasni,6,0,4,321306,0.608,-7.691,0.527,0.00176,0.108,0.768,0.0339,148.733,29,431,89,47
1113,6QbbaxQnNAqdkdyNzmclHP,Manimane,Cheb Hasni,10,0,3,342066,0.456,-1.104,0.952,1.62e-06,0.282,0.674,0.0598,180.119,4,54800,111,46
1215,06bPPu2yiW9jO1H6lBTL8W,تل جيك يا غزالي,Cheb Hasni,9,1,3,219800,0.732,-3.924,0.802,1.76e-05,0.166,0.837,0.0408,135.673,4,3313343,10,6
530,75DLNFMLcvKcfl7iDw8ATh,Hokm el mektoub,Cheb Hasni,0,0,4,366735,0.675,-14.114,0.531,0.0,0.133,0.929,0.0998,88.221,8,174150,0,0
1080,7Ic6JYIcw7AMut378FWPom,Rani Khalit Halek Amana,Cheb Hasni,1,1,4,341043,0.759,-12.663,0.545,2.66e-05,0.0987,0.878,0.216,177.418,4,286573,10,5
873,5l1So58kAxasrqw0pJ5Y9H,Manakdarche,Cheb Hasni,7,0,3,345720,0.356,-7.032,0.62,0.000104,0.134,0.941,0.0475,85.752,5,2378938,35,14
1037,1EmWCNdfOp1sqetZqFrbtn,Samhini ya zerga,Cheb Hasni,11,0,4,351000,0.517,-16.916,0.583,6.67e-05,0.29,0.598,0.0429,166.888,4,141799,9,6
1276,5xVenZ1CIw3fMovmhlQl5e,ماغواني إيدا ناسكان,Cheb Hasni,1,1,4,299533,0.666,-10.367,0.531,0.175,0.119,0.469,0.0831,94.174,3,922,7,5
1221,04B8Oh5RmOeYMnERVmNPNo,ديريها في بالك,Cheb Hasni,7,0,4,326093,0.714,-8.005,0.782,0.0628,0.103,0.895,0.037,91.626,4,254672,89,6
243,6Sa70kaTBVNENUcmEMf4Hy,Mouhal nasbar ala waldi,Cheb Hasni,10,0,4,253893,0.598,-7.52,0.673,2.05e-05,0.0885,0.801,0.0536,171.472,15,144999,52,13
1739,5WHwBViY768T4p6ppxDGzc,Hata n'goul nekoui rouhi,Cheb Hasni,7,1,3,194266,0.759,-6.888,0.641,2.98e-05,0.0492,0.888,0.0798,164.981,1,17675,6,4
546,2TImp5EwZEowKxJN9qNRmC,Kounfti Fe Dar,Cheb Hasni,1,1,4,344136,0.604,-10.748,0.586,0.0,0.0734,0.459,0.0538,95.003,8,1078,9,4
248,4dsDoSDAvN4K6m1htPdQjs,Halaman halaman,Cheb Hasni,5,0,3,325586,0.557,-6.201,0.617,0.423,0.144,0.741,0.0306,141.522,15,586,32,16
1217,5qGSaPL2zv13frQDo71cWa,Machi ghardha,Cheb Hasni,10,0,4,285373,0.587,-5.25,0.765,0.00334,0.161,0.623,0.0335,163.61,4,239266,213,17
1261,1upTp1MinCr1BQB8TE6c1b,Oran... la France,Cheb Hasni,0,1,4,359560,0.721,-11.585,0.64,0.000209,0.138,0.836,0.0642,167.589,3,3513203,74,32
648,3pKlFMTSDijQSeXvWaXAN4,Wahran rouhi ya ouarhan,Cheb Hasni,0,1,4,327666,0.453,-13.202,0.497,5.99e-05,0.116,0.847,0.0349,95.509,7,1097028,0,0
500,1LrNFNSYCzRPbj89bE7hYj,El mont khadaa,Cheb Hasni,1,1,4,354452,0.636,-9.701,0.649,0.0,0.055,0.827,0.0576,83.354,9,57024,0,0
247,0yb9BN5QWXmcvnOAEchKeU,Madabia,Cheb Hasni,5,0,3,376975,0.479,-8.439,0.571,2.12e-05,0.0641,0.921,0.0405,80.659,15,33926,0,0
1248,1eo1ciKu6C2iNKwqAtYLSk,درتيها أو غيتي تسامهي,Cheb Hasni,6,1,3,272788,0.485,-6.023,0.832,0.0,0.0867,0.953,0.0425,150.181,3,1568029,0,0
1486,6NWqRMDUMV1zyuqPOOxqU6,كان زين,Cheb Hasni,5,0,4,305853,0.634,-9.535,0.577,0.000927,0.103,0.363,0.0235,99.782,2,22,15,6
1253,57iRcfrTUxkhRWWyvS3pPP,مانيش prêt,Cheb Hasni,2,0,4,275876,0.623,-5.715,0.867,0.0,0.407,0.805,0.106,98.201,3,574218,0,0
94,4gjQw6MOtXH9zdBzMwgFNU,Baïda mon amour,Cheb Hasni,10,0,4,338893,0.507,-3.052,0.867,0.0,0.699,0.754,0.112,161.537,25,5603710,1068,329
544,7DmBf17k5npSz43L0j9WAM,Oumri Oumri,Cheb Hasni,1,1,4,360790,0.54,-9.231,0.554,1.73e-06,0.271,0.449,0.0509,159.008,8,48245,44,22
653,1dXWBaYpH9ry1sG0ZTCKvi,Ya mina,Cheb Hasni,8,1,4,356013,0.789,-9.018,0.775,7.15e-06,0.0607,0.924,0.0395,94.822,7,45727,0,0
1881,7oNKGp3rYrVs7Ud7oh0ZOE,Daiman Nouassik,Cheb Hasni,0,1,4,330350,0.637,-13.755,0.573,1.27e-05,0.0478,0.931,0.138,166.128,1,985,25,21
1960,2wCIZDRuvYPPs7x1fMfcHc,Men ghirek entia ya a na,Cheb Hasni,7,0,4,371386,0.846,-10.266,0.63,0.00348,0.0413,0.668,0.0502,104.951,1,15902,15,8
43,3vDd2L0wewUZr0XRuAIyq9,Batch bedeltini,Cheb Hasni,10,0,4,330840,0.655,-9.567,0.726,0.000381,0.173,0.839,0.0533,173.744,28,103,58,23
244,1YEK5Omt6p6hCbCWgav8lE,N ti n ti mon amour,Cheb Hasni,1,1,4,291920,0.294,-2.412,0.699,0.0,0.14,0.417,0.0562,165.072,15,70715,20,10
1230,5t8YQ1JjNtlM22obE2fi2E,Bghat tchaouar,Cheb Hasni,5,0,4,240000,0.675,-8.891,0.873,0.00027,0.193,0.931,0.0793,176.952,3,11,15,6
565,4AKV2VP1osurRjgqC0Kkls,مكنالله,Cheb Hasni,8,1,4,347813,0.735,-13.313,0.68,0.608,0.109,0.966,0.0405,100.227,8,5603710,0,0
1968,2qbg2GM6rqRxzR1ATmBFCL,راني موراك,Cheb Hasni,5,0,4,221346,0.77,-11.281,0.734,0.000833,0.094,0.893,0.0566,103.569,1,276575,3,2
1740,13JqGYy7a9KEStdp7olYEM,Mouhal nesbor ala oueldi,Cheb Hasni,10,0,4,163386,0.692,-3.604,0.936,0.000485,0.346,0.953,0.0884,172.069,1,144999,12,5
1161,7mWnbEEV37SoXJXq6SXp0T,La camel,Cheb Hasni,1,1,4,243613,0.506,-6.582,0.632,0.813,0.084,0.921,0.047,98.416,4,385583,0,0
869,5VFEVkgdvd4GGKPTdysmkY,Omri adieu,Cheb Hasni,0,1,3,368960,0.57,-7.223,0.717,2.65e-05,0.0655,0.626,0.0292,156.111,5,47503,120,40
483,6uHZwGWIwAkOsFleEqTIwm,Sayi,Cheb Hasni,2,1,4,337000,0.668,-7.643,0.728,4.76e-05,0.0453,0.817,0.0447,89.212,9,120289,85,12
225,6pa4RcUqRoFfLLjHdu10xF,Waâlach sakartni,Cheb Hasni,11,1,4,324760,0.745,-10.864,0.699,0.0498,0.165,0.296,0.069,81.376,16,184,37,20
1560,2dwAm9eILFIWMF5GdmIwQS,لي دلمني ما نكلامة,Cheb Hasni,7,1,4,313952,0.749,-11.432,0.711,0.0542,0.127,0.787,0.0347,97.017,2,22,2,1
1517,1oOvzfnNpjC4ot48dKn3g8,Habouya habouya,Cheb Hasni,5,1,4,353733,0.726,-10.168,0.721,2.77e-05,0.0738,0.711,0.0595,176.791,2,166632,27,11
